Title,Size,Date
Data Analyst T-shirt Data Nerd Shirt Gift Tee T Shirt Tshirt,XL,2025-12-05
Data Analyst T-shirt Data Nerd Shirt Gift Tee T Shirt Tshirt,XL,2025-12-05
Data Analyst T-shirt Data Nerd Shirt Gift Tee T Shirt Tshirt,XL,2025-12-05
Data Analyst T-shirt Data Nerd Shirt Gift Tee T Shirt Tshirt,XL,2025-12-05
Data Analyst T-shirt Data Nerd Shirt Gift Tee T Shirt Tshirt,XL,2025-12-05
Data Analyst T-shirt Data Nerd Shirt Gift Tee T Shirt Tshirt,XL,2025-12-05
Data Analyst T-shirt Data Nerd Shirt Gift Tee T Shirt Tshirt,XL,2025-12-05
Data Analyst T-shirt Data Nerd Shirt Gift Tee T Shirt Tshirt,XL,2025-12-05
Data Analyst T-shirt Data Nerd Shirt Gift Tee T Shirt Tshirt,XL,2025-12-05
Data Analyst T-shirt Data Nerd Shirt Gift Tee T Shirt Tshirt,XL,2025-12-05
Data Analyst T-shirt Data Nerd Shirt Gift Tee T Shirt Tshirt,XL,2025-12-05
